epoch,accuracy,loss,val_accuracy,val_loss
0,0.23720833659172058,nan,0.09950000047683716,nan
